<?xml version="1.0" encoding="utf-8"?>
<odoo>
    <data>
        <record id="module_category_mybizna_isp" model="ir.module.category">
            <field name="name">Mybizna ISP</field>
            <field name="description">Helps you manage your ISP different-different users.</field>
            <field name="sequence">15</field>
        </record>

        <record id="group_mybizna_isp_faculty" model="res.groups">
            <field name="name">ISP</field>
            <field name="category_id" ref="module_category_mybizna_isp"/>
            <field name="users" eval="[(4, ref('base.user_admin'))]"/>
            <field name="implied_ids" eval="[(4, ref('base.group_user'))]"/>
        </record>

        <record id="group_mybizna_isp_back_office" model="res.groups">
            <field name="name">Back Office</field>
            <field name="category_id" ref="module_category_mybizna_isp"/>
            <field name="users" eval="[(4, ref('base.user_admin'))]"/>
            <field name="implied_ids" eval="[(4, ref('base.group_partner_manager'))]"/>
        </record>

        <record id="group_mybizna_isp_back_office_admin" model="res.groups">
            <field name="name">Back Office Admin</field>
            <field name="category_id" ref="module_category_mybizna_isp"/>
            <field name="users" eval="[(4, ref('base.user_admin'))]"/>
            <field name="implied_ids" eval="[(4, ref('base.group_system'))]"/>
        </record>

    </data>
</odoo>
